ward_id,open_drain_pct,no_toilet_pct,unsafe_water_pct,pop_density
W00,2.3387626522392235,29.676013438467173,7.4362832664526675,1573.0989967208416
W01,44.82665236124466,7.845108802579115,48.41665346124214,4716.082796589291
W10,36.39192602447668,42.62155152136975,42.81519659444504,4967.6358077170025
W11,20.49229573209737,9.771393074562148,31.15003409485929,2899.624144242687
